{
  "X_scale": [
    1.5205841009446885e-05,
    1.5140045434236526e-05,
    1.5235958926496096e-05,
    7.288258075277554e-06,
    2.809346914291382,
    2.767679214477539,
    3.243631362915039,
    0.005624297074973583,
    7.164535999298096,
    3.6090567111968994,
    2.4112093448638916,
    1.6980605125427246,
    1.4084950685501099,
    1.071906566619873,
    6.613630294799805,
    8.978792190551758,
    13.501882553100586,
    18.262331008911133,
    2.2281928062438965,
    1.6601436138153076,
    1.4784318208694458,
    1.2306445837020874,
    0.0100846653804183,
    4.497732639312744,
    5.579472064971924,
    15.7750244140625,
    1.173450231552124,
    0.4769963324069977,
    9.0853853225708,
    0.009999999776482582,
    0.010054172948002815,
    7.892659507728605e-13,
    2.7480077133094916e-13,
    1.9394879311514929e-13,
    2.7480077133094916e-13,
    2.6695141865269723e-13,
    0.5,
    0.5,
    0.5128584504127502,
    0.5260475873947144
  ],
  "X_min": [
    2870.89990234375,
    2950.0,
    2817.0,
    0.0,
    -0.18211473524570465,
    -0.20103321969509125,
    0.0,
    -1.0,
    -0.06582369655370712,
    0.852202832698822,
    0.7689468264579773,
    0.6534737944602966,
    0.5835442543029785,
    0.5113683938980103,
    6.351705815177411e-05,
    0.00017844914691522717,
    0.0004547474381979555,
    0.0006391871138475835,
    -0.19783549010753632,
    -0.290264368057251,
    -0.3244638741016388,
    -0.46447616815567017,
    0.5487089157104492,
    -0.16718241572380066,
    -0.12924231588840485,
    -0.037940096110105515,
    0.0017519156681373715,
    -0.5485687851905823,
    0.0006532427505590022,
    0.0,
    0.024330822750926018,
    0.005624297074973583,
    0.0,
    0.0,
    0.0,
    0.0,
    -1.0,
    -1.0,
    -0.9749279022216797,
    -0.9009688496589661
  ],
  "y_scale": {
    "2h": 1.6711958646774292,
    "4h": 1.6929528713226318,
    "1d": 1.0514404773712158
  },
  "y_min": {
    "2h": -0.3398909568786621,
    "4h": -0.3296242356300354,
    "1d": -0.6501277089118958
  },
  "target_type": "log_return",
  "feature_cols": [
    "Open",
    "High",
    "Low",
    "Volume",
    "Returns",
    "Log_Returns",
    "High_Low_Pct",
    "Volume_Change",
    "HL_CO_norm",
    "MA_4_ratio",
    "MA_8_ratio",
    "MA_24_ratio",
    "MA_48_ratio",
    "MA_168_ratio",
    "Vol_4h",
    "Vol_8h",
    "Vol_24h",
    "Vol_48h",
    "Mom_2h",
    "Mom_4h",
    "Mom_8h",
    "Mom_24h",
    "RSI",
    "MACD_norm",
    "MACD_signal_norm",
    "MACD_hist_norm",
    "BB_width",
    "BB_pos",
    "ATR_norm",
    "Stoch_K",
    "Stoch_D",
    "Volume_lag_1h_ratio",
    "Volume_lag_2h_ratio",
    "Volume_lag_4h_ratio",
    "Volume_lag_8h_ratio",
    "Volume_lag_24h_ratio",
    "hour_sin",
    "hour_cos",
    "dow_sin",
    "dow_cos"
  ],
  "seq_len": 48,
  "horizons": {
    "2h": 2,
    "4h": 4,
    "1d": 24
  },
  "symbol": "BTC/USDT",
  "timeframe": "1h"
}